{
  "roleName": "lambda-suscripcionFiltro-elastic-email-rol",
  "policies": [
    {
      "document": {
        "Version": "2012-10-17",
        "Statement": [
          {
            "Effect": "Allow",
            "Action": [
              "es:ESHttpPost"
            ],
            "Resource": "*"
          }
        ]
      },
      "name": "AWSLambdaElasticsearchExecutionRole-256c9bd9-f0b9-4617-9390-3e4517358213",
      "id": "ANPAR7M72GKWQR2I2Q2DZ",
      "type": "managed",
      "arn": "arn:aws:iam::136163504813:policy/service-role/AWSLambdaElasticsearchExecutionRole-256c9bd9-f0b9-4617-9390-3e4517358213"
    },
    {
      "document": {
        "Version": "2012-10-17",
        "Statement": [
          {
            "Effect": "Allow",
            "Action": "logs:CreateLogGroup",
            "Resource": "arn:aws:logs:us-east-1:136163504813:*"
          },
          {
            "Effect": "Allow",
            "Action": [
              "logs:CreateLogStream",
              "logs:PutLogEvents"
            ],
            "Resource": [
              "arn:aws:logs:us-east-1:136163504813:log-group:/aws/lambda/lambda-suscripcionFiltro-elastic-email:*"
            ]
          }
        ]
      },
      "name": "AWSLambdaBasicExecutionRole-6f4e7f7b-ad58-41f5-b396-390754e3a7a4",
      "id": "ANPAR7M72GKWUA3VQRIVB",
      "type": "managed",
      "arn": "arn:aws:iam::136163504813:policy/service-role/AWSLambdaBasicExecutionRole-6f4e7f7b-ad58-41f5-b396-390754e3a7a4"
    }
  ],
  "trustedEntities": [
    "lambda.amazonaws.com"
  ]
}
