{
  "tags"      : {
    "allowUnknownTags"      : true
  },
  "plugins"   : ["plugins/markdown"],
  "templates" : {
    "cleverLinks"           : false,
    "monospaceLinks"        : false,
    "dateFormat"            : "ddd MMM Do YYYY",
    "outputSourceFiles"     : false,
    "outputSourcePath"      : false,
    "systemName"            : "Amazon Kinesis Client Library in Node.js",
    "footer"                : "Amazon Kinesis Client Library in Node.js",
    "copyright"             : "Copyright 2019 Amazon.com, Inc. or its affiliates. All Rights Reserved.",
    "navType"               : "vertical",
    "theme"                 : "cosmo",
    "linenums"              : true,
    "collapseSymbols"       : false,
    "inverseNav"            : true,
    "highlightTutorialCode" : true,
    "protocol": "fred://"
  },
  "markdown"  : {
    "parser"                : "gfm",
    "hardwrap"              : true
  },
  "opts"      : {
    "private"               : false,
    "recurse"               : true,
    "lenient"               : false
  }
}
